case_id,score
57543,0.010865202286533052
57549,0.054648895473673596
57551,0.007411951793218657
57552,0.009284476361623764
57569,0.06616796295472485
57630,0.012722844314830966
57631,0.03471827453525283
57632,0.003262021695152751
57633,0.06028440648188378
57634,0.007930557728982383
